DANE,municipio,altitude_min,altitude_max,altitude_mean,gradient_altitude,altitude_centroid
5001,MEDELLÍN,1413,3014,2131.7,1601,1523
5002,ABEJORRAL,624,2536,1622.1,1912,2099
5004,ABRIAQUÍ,1449,3406,2575.6,1957,2055
5021,ALEJANDRÍA,1203,1945,1482.1,742,1466
5030,AMAGÁ,820,2120,1394,1300,1545
5031,AMALFI,127,1770,827.9,1643,1425
5034,ANDES,1044,3608,1993.5,2564,1821
5036,ANGELÓPOLIS,955,2920,1707.4,1965,1609
5038,ANGOSTURA,1340,2766,2040.7,1426,1881
5040,ANORÍ,68,1101,455.7,1033,1101
5042,SANTA FÉ DE ANTIOQUIA,423,3326,1483.9,2903,1846
5044,ANZÁ,479,2765,1380.5,2286,1469
5045,APARTADÓ,2,1094,189.5,1092,322
5051,ARBOLETES,0,251,80.9,251,58
5055,ARGELIA,290,2303,943.9,2013,1049
5059,ARMENIA,497,1854,896.1,1357,1380
5079,BARBOSA,1301,2510,2086.6,1209,1301
5086,BELMIRA,2439,3203,2782.4,764,2811
5088,BELLO,1419,3095,2058.6,1676,2076
5091,BETANIA,995,3642,1705.3,2647,1274
5093,BETULIA,505,3328,1971.4,2823,1675
5101,CIUDAD BOLÍVAR,723,3344,1768.9,2621,1163
5107,BRICEÑO,182,2423,1125,2241,1505
5113,BURITICÁ,383,3060,1838,2677,1468
5120,CÁCERES,44,1003,171.3,959,138
5125,CAICEDO,1026,3607,2687.2,2581,2246
5129,CALDAS,1502,2969,2189.7,1467,1825
5134,CAMPAMENTO,608,2341,1195.6,1733,1485
5138,CAÑASGORDAS,820,2911,1746,2091,1785
5142,CARACOLÍ,146,984,589.5,838,729
5145,CARAMANTA,644,3098,1694.9,2454,1852
5147,CAREPA,4,944,128.9,940,31
5148,EL CARMEN DE VIBORAL,1102,2714,2133.9,1612,2376
5150,CAROLINA,1658,2522,2012.9,864,2118
5154,CAUCASIA,33,140,60.5,107,74
5172,CHIGORODÓ,5,1144,76,1139,52
5190,CISNEROS,873,1750,1317.6,877,1452
5197,COCORNÁ,544,2365,1528.2,1821,1258
5206,CONCEPCIÓN,1555,2477,1977,922,1889
5209,CONCORDIA,507,2401,1531.7,1894,1830
5212,COPACABANA,1413,2804,2216.3,1391,1413
5234,DABEIBA,159,2668,1144.1,2509,897
5237,DONMATÍAS,1051,2713,1822.3,1662,2266
5240,EBÉJICO,460,2511,1109.4,2051,1229
5250,EL BAGRE,32,648,204.6,616,248
5264,ENTRERRÍOS,2270,3115,2556.8,845,2419
5266,ENVIGADO,1521,2888,2286.6,1367,2366
5282,FREDONIA,541,2239,1274.2,1698,1591
5284,FRONTINO,182,3044,1346.4,2862,967
5306,GIRALDO,1010,2720,1689.9,1710,2118
5308,GIRARDOTA,1324,2531,1872.2,1207,1390
5310,GÓMEZ PLATA,678,2067,1241.9,1389,1845
5313,GRANADA,734,2443,1719.6,1709,1855
5315,GUADALUPE,643,2082,1410.2,1439,1597
5318,GUARNE,2092,2604,2344.5,512,2119
5321,GUATAPÉ,1871,2250,1939.8,379,1885
5347,HELICONIA,735,2763,1504.2,2028,1304
5353,HISPANIA,704,1830,1174.8,1126,993
5360,ITAGÜÍ,1512,2094,1675.4,582,1643
5361,ITUANGO,152,2870,1352.7,2718,2512
5364,JARDÍN,1373,3107,2136.7,1734,2174
5368,JERICÓ,553,2437,1703.5,1884,1847
5376,LA CEJA,1318,2622,2243.1,1304,2318
5380,LA ESTRELLA,1632,2881,2030.5,1249,1947
5390,LA PINTADA,579,1308,735,729,618
5400,LA UNIÓN,2122,2683,2466.1,561,2452
5411,LIBORINA,389,3234,1993.1,2845,1596
5425,MACEO,223,953,588.6,730,843
5440,MARINILLA,1907,2399,2104.2,492,2158
5467,MONTEBELLO,839,2181,1555.5,1342,2181
5475,MURINDÓ,3,1531,375,1528,41
5480,MUTATÁ,25,1960,451.4,1935,433
5483,NARIÑO,502,2952,1032,2450,1584
5490,NECOCLÍ,0,180,68.7,180,40
5495,NECHÍ,25,386,88.3,361,35
5501,OLAYA,441,3185,1242.2,2744,1072
5541,PEÑOL,1881,2421,2047.1,540,1881
5543,PEQUE,296,3544,1841.3,3248,1859
5576,PUEBLORRICO,577,2349,1354.3,1772,1527
5579,PUERTO BERRÍO,104,851,384.8,747,329
5585,PUERTO NARE,118,938,234,820,379
5591,PUERTO TRIUNFO,131,389,191,258,162
5604,REMEDIOS,85,719,422.3,634,549
5607,RETIRO,1804,2961,2376.3,1157,2182
5615,RIONEGRO,2077,2621,2219.2,544,2111
5628,SABANALARGA,276,2927,1111.7,2651,1398
5631,SABANETA,1554,2443,1757.3,889,1704
5642,SALGAR,577,3278,2106.5,2701,1436
5647,SAN ANDRÉS DE CUERQUÍA,568,3039,2104.5,2471,1715
5649,SAN CARLOS,155,2132,984.8,1977,1010
5652,SAN FRANCISCO,308,1851,718.2,1543,584
5656,SAN JERÓNIMO,535,2827,1565.1,2292,1340
5658,SAN JOSÉ DE LA MONTAÑA,2092,3133,2656.5,1041,2897
5659,SAN JUAN DE URABÁ,4,187,65,183,44
5660,SAN LUIS,235,1618,688.2,1383,664
5664,SAN PEDRO DE LOS MILAGROS,2278,3026,2599.3,748,2460
5665,SAN PEDRO DE URABÁ,56,602,155.7,546,89
5667,SAN RAFAEL,586,2263,1305.5,1677,976
5670,SAN ROQUE,583,1796,1070.6,1213,1184
5674,SAN VICENTE FERRER,1934,2515,2261.6,581,2315
5679,SANTA BÁRBARA,654,2696,1490.8,2042,1446
5686,SANTA ROSA DE OSOS,1053,2943,2311.5,1890,2547
5690,SANTO DOMINGO,864,2132,1451.6,1268,1901
5697,EL SANTUARIO,1885,2342,2173.3,457,2171
5736,SEGOVIA,174,1561,582.5,1387,296
5756,SONSÓN,176,3064,1374.5,2888,1791
5761,SOPETRÁN,445,3002,1247.2,2557,736
5789,TÁMESIS,568,3159,1797.7,2591,1542
5790,TARAZÁ,80,1679,404,1599,330
5792,TARSO,543,2136,1050,1593,1265
5809,TITIRIBÍ,537,1678,931.5,1141,1678
5819,TOLEDO,255,2377,903.5,2122,2081
5837,TURBO,0,239,72,239,0
5842,URAMITA,562,3043,1486.4,2481,805
5847,URRAO,188,3429,2089.4,3241,2055
5854,VALDIVIA,97,2205,962.8,2108,800
5856,VALPARAÍSO,594,2364,990.2,1770,844
5858,VEGACHÍ,358,1345,781.9,987,811
5861,VENECIA,529,2113,1074.8,1584,1208
5873,VIGÍA DEL FUERTE,6,1480,226,1474,27
5885,YALÍ,337,1379,819.7,1042,959
5887,YARUMAL,717,2996,1792.1,2279,2444
5890,YOLOMBÓ,200,1703,1017,1503,1180
5893,YONDÓ,64,506,129.8,442,106
5895,ZARAGOZA,39,565,112,526,105
8001,BARRANQUILLA,0,83,24.1,83,62
8078,BARANOA,75,285,131.7,210,116
8137,CAMPO DE LA CRUZ,2,9,6.3,7,4
8141,CANDELARIA,5,96,32.9,91,24
8296,GALAPA,37,278,114.5,241,91
8372,JUAN DE ACOSTA,0,213,51.5,213,61
8421,LURUACO,0,145,40.5,145,137
8433,MALAMBO,2,133,72.8,131,48
8436,MANATÍ,2,144,30,142,5
8520,PALMAR DE VARELA,5,52,24,47,16
8549,PIOJÓ,0,234,71.6,234,59
8558,POLONUEVO,40,128,75.1,88,77
8560,PONEDERA,2,72,38.3,70,26
8573,PUERTO COLOMBIA,0,119,26.4,119,31
8606,REPELÓN,4,411,87,407,17
8634,SABANAGRANDE,1,48,21.4,47,18
8638,SABANALARGA,4,141,71.1,137,104
8675,SANTA LUCÍA,1,10,6.2,9,8
8685,SANTO TOMÁS,5,59,33.4,54,30
8758,SOLEDAD,2,87,30.2,85,20
8770,SUAN,4,10,6.3,6,6
8832,TUBARÁ,0,280,76.3,280,257
8849,USIACURÍ,42,266,124.9,224,125
11001,"BOGOTÁ, D.C.",2299,3998,3102.8,1699,3536
13001,CARTAGENA DE INDIAS,0,99,14.8,99,4
13006,ACHÍ,9,1020,63.9,1011,25
13030,ALTOS DEL ROSARIO,13,196,54.2,183,22
13042,ARENAL,36,1649,563,1613,1091
13052,ARJONA,2,123,36.6,121,63
13062,ARROYOHONDO,5,159,39.3,154,36
13074,BARRANCO DE LOBA,17,365,72.8,348,22
13140,CALAMAR,2,225,54.9,223,46
13160,CANTAGALLO,62,881,319.5,819,277
13188,CICUCO,7,20,10.8,13,16
13212,CÓRDOBA,8,171,72.3,163,23
13222,CLEMENCIA,41,359,108.5,318,83
13244,EL CARMEN DE BOLÍVAR,56,436,208.5,380,275
13248,EL GUAMO,2,349,107.7,347,41
13268,EL PEÑÓN,24,36,29,12,25
13300,HATILLO DE LOBA,16,35,23.6,19,24
13430,MAGANGUÉ,10,80,26.5,70,18
13433,MAHATES,0,134,56.6,134,34
13440,MARGARITA,12,26,18.8,14,23
13442,MARÍA LA BAJA,2,107,44.9,105,5
13458,MONTECRISTO,20,1488,483.1,1468,216
13468,MOMPÓS,8,18,13.7,10,14
13473,MORALES,31,1741,487.5,1710,159
13490,NOROSÍ,34,911,180.6,877,336
13549,PINILLOS,10,22,16,12,13
13580,REGIDOR,27,115,34.6,88,34
13600,RÍO VIEJO,30,926,202.4,896,83
13620,SAN CRISTÓBAL,1,13,6.2,12,13
13647,SAN ESTANISLAO,1,276,82.8,275,50
13650,SAN FERNANDO,13,22,18.5,9,21
13654,SAN JACINTO,55,446,232.7,391,266
13655,SAN JACINTO DEL CAUCA,20,392,48.4,372,27
13657,SAN JUAN NEPOMUCENO,11,349,154.5,338,313
13667,SAN MARTÍN DE LOBA,24,583,108.2,559,128
13670,SAN PABLO,47,1189,405,1142,930
13673,SANTA CATALINA,1,327,72.3,326,16
13683,SANTA ROSA,19,122,70.6,103,57
13688,SANTA ROSA DEL SUR,314,1578,692.8,1264,1137
13744,SIMITÍ,44,1047,417.4,1003,48
13760,SOPLAVIENTO,1,40,10.9,39,2
13780,TALAIGUA NUEVO,7,16,11.4,9,9
13810,TIQUISIO,13,1013,187.7,1000,24
13836,TURBACO,13,126,67.5,113,114
13838,TURBANÁ,0,136,32.6,136,14
13873,VILLANUEVA,53,284,129.7,231,123
13894,ZAMBRANO,9,145,47.3,136,70
15001,TUNJA,2627,3184,2848,557,2941
15022,ALMEIDA,1254,2871,2012.8,1617,2216
15047,AQUITANIA,1244,3746,3010.3,2502,3440
15051,ARCABUCO,2221,3660,2829.8,1439,2630
15087,BELÉN,2590,3948,3170.2,1358,2838
15090,BERBEO,989,2580,1525.8,1591,1399
15092,BETÉITIVA,2285,3461,2841,1176,2721
15097,BOAVITA,1185,3031,2092.6,1846,2062
15104,BOYACÁ,2380,2992,2671.3,612,2393
15106,BRICEÑO,1139,3074,1998,1935,1595
15109,BUENAVISTA,755,3291,2179,2536,1853
15114,BUSBANZÁ,2488,2863,2693.6,375,2667
15131,CALDAS,2593,3020,2793.5,427,2710
15135,CAMPOHERMOSO,608,2628,1607.9,2020,994
15162,CERINZA,2667,3887,3203.5,1220,2864
15172,CHINAVITA,1491,3392,2275.3,1901,2332
15176,CHIQUINQUIRÁ,1949,3169,2598.9,1220,2542
15180,CHISCAS,1515,4608,3862.5,3093,3619
15183,CHITA,1191,4167,2851.3,2976,3047
15185,CHITARAQUE,1352,2380,1774.9,1028,2042
15187,CHIVATÁ,2617,3057,2770.9,440,2818
15189,CIÉNEGA,2157,3262,2598.1,1105,2622
15204,CÓMBITA,2583,3160,2848.7,577,3160
15212,COPER,557,2219,1336.8,1662,1287
15215,CORRALES,2345,3062,2625.5,717,2439
15218,COVARACHÍA,894,2725,1576.9,1831,2255
15223,CUBARÁ,314,3730,1733.8,3416,1685
15224,CUCAITA,2587,3223,2832.7,636,2879
15226,CUÍTIVA,2540,3467,2983.4,927,3106
15232,CHÍQUIZA,2239,3643,2996.2,1404,2929
15236,CHIVOR,760,3021,1796.5,2261,1721
15238,DUITAMA,2463,3925,2815.8,1462,3150
15244,EL COCUY,2579,4515,3692.4,1936,3372
15248,EL ESPINO,1723,3949,2764.1,2226,3046
15272,FIRAVITOBA,2476,3258,2727.8,782,2742
15276,FLORESTA,2482,3264,2934.9,782,2511
15293,GACHANTIVÁ,1940,2732,2209.7,792,2469
15296,GÁMEZA,2284,3913,3044.1,1629,3913
15299,GARAGOA,1252,2958,1960,1706,2331
15317,GUACAMAYAS,1658,3696,2476.3,2038,2689
15322,GUATEQUE,1349,2459,1901.5,1110,1916
15325,GUAYATÁ,1359,3113,2105.1,1754,1812
15332,GÜICÁN DE LA SIERRA,2465,4545,3883.9,2080,3919
15362,IZA,2502,3310,2815.8,808,2698
15367,JENESANO,2050,2863,2380.6,813,2175
15368,JERICÓ,1575,3860,2413.3,2285,2974
15377,LABRANZAGRANDE,610,3447,2031.7,2837,1117
15380,LA CAPILLA,1571,3409,2375,1838,2060
15401,LA VICTORIA,924,1992,1416.4,1068,1190
15403,LA UVITA,1551,4061,2719.7,2510,3020
15407,VILLA DE LEYVA,2048,2994,2292.2,946,2226
15425,MACANAL,1050,2629,1737.7,1579,2080
15442,MARIPÍ,423,2940,1248.9,2517,990
15455,MIRAFLORES,1022,3449,2333.8,2427,2285
15464,MONGUA,1283,3880,2698.4,2597,2662
15466,MONGUÍ,2640,3917,3212,1277,3308
15469,MONIQUIRÁ,1480,2789,2025.8,1309,1858
15476,MOTAVITA,2702,3289,3043.4,587,3135
15480,MUZO,465,1691,783.2,1226,756
15491,NOBSA,2473,3108,2569.9,635,2539
15494,NUEVO COLÓN,2276,2974,2718,698,2369
15500,OICATÁ,2589,2819,2685.2,230,2704
15507,OTANCHE,255,1546,637.2,1291,871
15511,PACHAVITA,1373,3101,1874.9,1728,1869
15514,PÁEZ,593,2574,1571.6,1981,1272
15516,PAIPA,2486,3493,2795.6,1007,3141
15518,PAJARITO,761,3571,2027,2810,1193
15522,PANQUEBA,2071,3733,2955.1,1662,2204
15531,PAUNA,364,2954,1307,2590,972
15533,PAYA,403,2284,1221.2,1881,1481
15537,PAZ DE RÍO,2092,3876,2885.6,1784,2637
15542,PESCA,2510,3763,3070.6,1253,3222
15550,PISBA,1079,3228,1960,2149,2081
15572,PUERTO BOYACÁ,123,977,247.9,854,171
15580,QUÍPAMA,538,1884,894.3,1346,1258
15599,RAMIRIQUÍ,2048,3012,2522.4,964,2956
15600,RÁQUIRA,2245,3433,2740,1188,2665
15621,RONDÓN,1513,3656,2979.1,2143,2006
15632,SABOYÁ,2329,3356,2790,1027,2595
15638,SÁCHICA,2078,2662,2272.7,584,2177
15646,SAMACÁ,2494,3471,2911.7,977,2762
15660,SAN EDUARDO,1258,3216,2223.1,1958,1843
15664,SAN JOSÉ DE PARE,1207,2127,1681.1,920,1795
15667,SAN LUIS DE GACENO,289,1878,924.7,1589,486
15673,SAN MATEO,1343,3741,2635.9,2398,2322
15676,SAN MIGUEL DE SEMA,2454,2817,2613.3,363,2545
15681,SAN PABLO DE BORBUR,337,1239,603.5,902,1184
15686,SANTANA,1038,2040,1453.2,1002,1488
15690,SANTA MARÍA,374,2525,935.2,2151,879
15693,SANTA ROSA DE VITERBO,2478,3916,3038,1438,2899
15696,SANTA SOFÍA,1942,3132,2278.4,1190,2358
15720,SATIVANORTE,1600,3776,2934.5,2176,2906
15723,SATIVASUR,1890,3688,2923.2,1798,3001
15740,SIACHOQUE,2692,3743,3070.2,1051,3133
15753,SOATÁ,1315,3397,2294.6,2082,2220
15755,SOCOTÁ,1388,3690,2748.5,2302,3461
15757,SOCHA,1893,3893,2885.5,2000,2883
15759,SOGAMOSO,2472,3868,2960.3,1396,3085
15761,SOMONDOCO,1262,2781,1881.3,1519,2049
15762,SORA,2523,3269,2930.5,746,2730
15763,SOTAQUIRÁ,2261,3534,2812.4,1273,2809
15764,SORACÁ,2302,3121,2831.4,819,2945
15774,SUSACÓN,1507,3847,2848.3,2340,2687
15776,SUTAMARCHÁN,2058,3422,2361.1,1364,2261
15778,SUTATENZA,1283,2467,1821.5,1184,1878
15790,TASCO,2213,3889,3078.1,1676,3712
15798,TENZA,1316,2447,1969.5,1131,1695
15804,TIBANÁ,1947,2790,2422.4,843,2021
15806,TIBASOSA,2475,2980,2572.5,505,2691
15808,TINJACÁ,2096,2911,2441.4,815,2225
15810,TIPACOQUE,1134,3306,2053.9,2172,1955
15814,TOCA,2671,3756,2935.6,1085,2843
15816,TOGÜÍ,1605,2545,1942.6,940,1986
15820,TÓPAGA,2437,3365,2746.9,928,2835
15822,TOTA,2582,3851,3185.3,1269,3150
15832,TUNUNGUÁ,534,1863,1168,1329,1154
15835,TURMEQUÉ,2282,3273,2822.1,991,2487
15837,TUTA,2541,3387,2734,846,2720
15839,TUTAZÁ,2579,3946,3167.9,1367,3166
15842,ÚMBITA,1826,3464,2637.5,1638,2470
15861,VENTAQUEMADA,2435,3447,2869.3,1012,2998
15879,VIRACACHÁ,2207,3535,2732.7,1328,2860
15897,ZETAQUIRA,1141,3494,2527.3,2353,1528
17001,MANIZALES,813,3735,1892.6,2922,2138
17013,AGUADAS,584,3217,1929.8,2633,2129
17042,ANSERMA,766,1897,1232.7,1131,1758
17050,ARANZAZU,1286,3717,2015.4,2431,2185
17088,BELALCÁZAR,850,1696,1063.2,846,1584
17174,CHINCHINÁ,867,1669,1299.9,802,1278
17272,FILADELFIA,726,1960,1238.7,1234,1177
17380,LA DORADA,147,384,216.1,237,200
17388,LA MERCED,699,2292,1263.9,1593,1446
17433,MANZANARES,1031,2311,1500.8,1280,1684
17442,MARMATO,680,2129,1357.3,1449,1685
17444,MARQUETALIA,578,1615,1067.3,1037,1615
17446,MARULANDA,1539,3755,2758.4,2216,2541
17486,NEIRA,737,3824,1780.7,3087,1752
17495,NORCASIA,185,992,417.9,807,547
17513,PÁCORA,696,3243,1733,2547,1995
17524,PALESTINA,808,1448,1077.3,640,1061
17541,PENSILVANIA,869,3491,1845.1,2622,2704
17614,RIOSUCIO,709,3228,1934.2,2519,2318
17616,RISARALDA,822,1800,1163.2,978,1188
17653,SALAMINA,1012,3348,2417.8,2336,2843
17662,SAMANÁ,311,1630,689.1,1319,1041
17665,SAN JOSÉ,933,1682,1116.3,749,1303
17777,SUPÍA,702,2980,1675.4,2278,1309
17867,VICTORIA,179,1067,331.3,888,261
17873,VILLAMARÍA,1365,4856,2634.1,3491,3168
17877,VITERBO,908,1430,1015.7,522,969
18001,FLORENCIA,222,3357,853,3135,503
18029,ALBANIA,225,280,244.6,55,255
18094,BELÉN DE LOS ANDAQUÍES,222,2692,792.3,2470,380
18150,CARTAGENA DEL CHAIRÁ,185,268,206.6,83,202
18205,CURILLO,211,253,230,42,221
18247,EL DONCELLO,216,3355,712.3,3139,306
18256,EL PAUJÍL,215,3409,712.2,3194,267
18410,LA MONTAÑITA,203,878,322.1,675,233
18460,MILÁN,196,280,222.2,84,219
18479,MORELIA,214,480,266.4,266,264
18592,PUERTO RICO,210,3214,826.3,3004,551
18610,SAN JOSÉ DEL FRAGUA,230,2764,1248.9,2534,1120
18753,SAN VICENTE DEL CAGUÁN,198,2710,593.5,2512,266
18756,SOLANO,93,241,185.6,148,241
18785,SOLITA,194,262,218.5,68,208
18860,VALPARAÍSO,212,268,234.1,56,241
19001,POPAYÁN,1389,2974,1972.1,1585,1743
19022,ALMAGUER,982,3379,2187.9,2397,2268
19050,ARGELIA,1374,3493,2875.1,2119,1408
19075,BALBOA,556,3354,1467.6,2798,2014
19100,BOLÍVAR,597,3005,1246,2408,1998
19110,BUENOS AIRES,985,2483,1391.1,1498,1280
19130,CAJIBÍO,1238,2966,1804.3,1728,1713
19137,CALDONO,1213,3127,1784,1914,1731
19142,CALOTO,969,2008,1138.7,1039,1168
19212,CORINTO,1009,4104,1768.8,3095,1739
19256,EL TAMBO,465,3112,1373.3,2647,1825
19290,FLORENCIA,1004,2371,1468.1,1367,1555
19300,GUACHENÉ,969,1055,996,86,989
19318,GUAPI,-3,3528,710.2,3531,89
19355,INZÁ,1142,3528,2466.6,2386,2851
19364,JAMBALÓ,1407,3712,2392.6,2305,1989
19392,LA SIERRA,700,2763,1317.6,2063,1391
19397,LA VEGA,968,3414,2084,2446,2362
19418,LÓPEZ DE MICAY,9,3011,528.4,3002,98
19450,MERCADERES,519,2098,852.2,1579,1082
19455,MIRANDA,982,3909,1566.8,2927,1281
19473,MORALES,1134,3106,1776.2,1972,1154
19513,PADILLA,977,1007,991.5,30,992
19517,PÁEZ,879,3997,2447.3,3118,2480
19532,PATÍA,556,2906,940.8,2350,596
19533,PIAMONTE,234,2676,1300.7,2442,569
19548,PIENDAMÓ - TUNÍA,1254,2249,1610.8,995,1680
19573,PUERTO TEJADA,955,984,969.2,29,966
19585,PURACÉ,2055,4409,3027.9,2354,4409
19622,ROSAS,844,2655,1431.9,1811,1446
19693,SAN SEBASTIÁN,1425,3546,2485.3,2121,3032
19698,SANTANDER DE QUILICHAO,972,2101,1238,1129,1144
19701,SANTA ROSA,402,3749,2071.9,3347,1125
19743,SILVIA,1751,3570,2786.3,1819,3159
19760,SOTARÁ - PAISPAMBA,1477,3774,2435.1,2297,2783
19780,SUÁREZ,1008,2739,1551.5,1731,1944
19785,SUCRE,763,3055,1275.5,2292,1674
19807,TIMBÍO,1044,2077,1628.7,1033,1757
19809,TIMBIQUÍ,0,3137,480.2,3137,48
19821,TORIBÍO,1266,4147,2839.5,2881,2625
19824,TOTORÓ,1663,3543,2310.3,1880,2705
19845,VILLA RICA,958,993,971.5,35,968
20001,VALLEDUPAR,47,3752,854.6,3705,365
20011,AGUACHICA,34,1916,499.4,1882,111
20013,AGUSTÍN CODAZZI,48,3335,604.7,3287,123
20032,ASTREA,35,114,65,79,84
20045,BECERRIL,44,2762,364.3,2718,103
20060,BOSCONIA,46,221,76.4,175,83
20175,CHIMICHAGUA,21,608,78.2,587,24
20178,CHIRIGUANÁ,26,1178,152.3,1152,40
20228,CURUMANÍ,22,2414,288.2,2392,188
20238,EL COPEY,75,677,264.3,602,209
20250,EL PASO,35,66,48.1,31,46
20295,GAMARRA,33,178,66.9,145,65
20310,GONZÁLEZ,1164,1952,1391.4,788,1383
20383,LA GLORIA,29,2047,347.2,2018,66
20400,LA JAGUA DE IBIRICO,44,2584,250,2540,136
20443,MANAURE BALCÓN DEL CESAR,257,3281,1656.2,3024,1311
20517,PAILITAS,39,1918,504.8,1879,213
20550,PELAYA,30,1870,323,1840,166
20570,PUEBLO BELLO,252,4012,1720.1,3760,1598
20614,RÍO DE ORO,74,1573,627.2,1499,243
20621,LA PAZ,46,2508,417.1,2462,191
20710,SAN ALBERTO,44,2535,315.8,2491,72
20750,SAN DIEGO,51,161,93.4,110,98
20770,SAN MARTÍN,42,867,150,825,74
20787,TAMALAMEQUE,22,62,36.1,40,37
23001,MONTERÍA,12,188,75.2,176,47
23068,AYAPEL,16,82,32.6,66,19
23079,BUENAVISTA,22,94,40.7,72,58
23090,CANALETE,46,202,114.6,156,110
23162,CERETÉ,8,151,29.2,143,16
23168,CHIMÁ,2,83,21.2,81,4
23182,CHINÚ,6,162,73.2,156,74
23189,CIÉNAGA DE ORO,2,301,83.9,299,27
23300,COTORRA,0,11,4.9,11,5
23350,LA APARTADA,30,95,56.1,65,46
23417,LORICA,0,140,33,140,38
23419,LOS CÓRDOBAS,4,265,55.2,261,75
23464,MOMIL,1,84,32.7,83,20
23466,MONTELÍBANO,39,672,183.8,633,218
23500,MOÑITOS,0,144,39.4,144,64
23555,PLANETA RICA,25,212,74.6,187,50
23570,PUEBLO NUEVO,24,222,83,198,54
23574,PUERTO ESCONDIDO,0,119,35.5,119,27
23580,PUERTO LIBERTADOR,46,2171,474,2125,292
23586,PURÍSIMA DE LA CONCEPCIÓN,3,175,49.5,172,59
23660,SAHAGÚN,10,142,75.9,132,100
23670,SAN ANDRÉS DE SOTAVENTO,10,176,82.9,166,79
23672,SAN ANTERO,-3,185,36.3,188,15
23675,SAN BERNARDO DEL VIENTO,0,104,20.7,104,3
23678,SAN CARLOS,8,311,87.3,303,50
23682,SAN JOSÉ DE URÉ,43,1134,190.5,1091,151
23686,SAN PELAYO,5,126,32.7,121,26
23807,TIERRALTA,31,1578,327.9,1547,488
23815,TUCHÍN,28,141,69.3,113,76
23855,VALENCIA,32,326,122.6,294,210
25001,AGUA DE DIOS,287,1008,391.4,721,376
25019,ALBÁN,1170,3079,1878.1,1909,2128
25035,ANAPOIMA,462,1396,806.4,934,719
25040,ANOLAIMA,959,3172,1740.8,2213,1531
25053,ARBELÁEZ,507,3746,1585.1,3239,1926
25086,BELTRÁN,209,1644,558.6,1435,438
25095,BITUIMA,986,2186,1465.7,1200,1466
25099,BOJACÁ,1901,2824,2534.3,923,2702
25120,CABRERA,1713,3826,3017,2113,2664
25123,CACHIPAY,700,2309,1416.9,1609,1353
25126,CAJICÁ,2547,3071,2698.9,524,2562
25148,CAPARRAPÍ,252,1920,915.5,1668,702
25151,CÁQUEZA,1346,3094,1918,1748,1735
25154,CARMEN DE CARUPA,2206,3742,3110.3,1536,3009
25168,CHAGUANÍ,204,2030,673.6,1826,1100
25175,CHÍA,2544,2970,2662.6,426,2552
25178,CHIPAQUE,1819,3854,2953.7,2035,2372
25181,CHOACHÍ,1575,3739,2729,2164,1913
25183,CHOCONTÁ,2686,3337,2951.4,651,2766
25200,COGUA,2561,3508,3104.9,947,2795
25214,COTA,2540,2921,2569.5,381,2562
25224,CUCUNUBÁ,2541,3089,2854,548,2638
25245,EL COLEGIO,620,2745,1314.4,2125,1556
25258,EL PEÑÓN,925,1693,1184.1,768,1346
25260,EL ROSAL,2287,2929,2615.1,642,2632
25269,FACATATIVÁ,2556,3015,2656.3,459,2708
25279,FÓMEQUE,1408,3760,2563.3,2352,3073
25281,FOSCA,1658,3433,2672.6,1775,1951
25286,FUNZA,2544,2569,2551,25,2551
25288,FÚQUENE,2538,3237,2664,699,2744
25290,FUSAGASUGÁ,507,2969,1483.9,2462,1607
25293,GACHALÁ,798,3632,1918.7,2834,1733
25295,GACHANCIPÁ,2554,3108,2732.2,554,2563
25297,GACHETÁ,1638,3337,2447.5,1699,2274
25299,GAMA,1612,3241,2048.7,1629,2781
25307,GIRARDOT,254,792,343.9,538,349
25312,GRANADA,2202,2819,2642.4,617,2454
25317,GUACHETÁ,2538,3541,2720.5,1003,2678
25320,GUADUAS,162,1972,711,1810,925
25322,GUASCA,2565,3697,2905.3,1132,3340
25324,GUATAQUÍ,225,853,435.6,628,496
25326,GUATAVITA,2597,3522,2821.7,925,2838
25328,GUAYABAL DE SÍQUIMA,1046,2305,1627.5,1259,1496
25335,GUAYABETAL,953,3541,2206,2588,1695
25339,GUTIÉRREZ,1344,3796,3096.9,2452,2043
25368,JERUSALÉN,278,1529,711.3,1251,307
25372,JUNÍN,1683,3640,2688,1957,2854
25377,LA CALERA,1973,3634,2925.5,1661,2906
25386,LA MESA,645,1976,1196.2,1331,927
25394,LA PALMA,631,1837,1129.6,1206,1421
25398,LA PEÑA,584,1658,949,1074,773
25402,LA VEGA,849,2570,1329.3,1721,1495
25407,LENGUAZAQUE,2547,3354,2797.5,807,2971
25426,MACHETÁ,1683,3464,2856.2,1781,2064
25430,MADRID,2540,2748,2579.6,208,2559
25436,MANTA,1449,3397,2224.1,1948,1795
25438,MEDINA,377,3666,1206.2,3289,675
25473,MOSQUERA,2537,2744,2564.7,207,2544
25483,NARIÑO,238,974,498.7,736,433
25486,NEMOCÓN,2560,3158,2724.1,598,2572
25488,NILO,275,1806,465.5,1531,348
25489,NIMAIMA,638,1969,1049.2,1331,814
25491,NOCAIMA,807,1654,1057.4,847,1044
25506,VENECIA,1096,3196,2132.5,2100,2187
25513,PACHO,1074,3776,1997.6,2702,1616
25518,PAIME,625,1969,1057.9,1344,923
25524,PANDI,512,2279,1061.2,1767,1302
25530,PARATEBUENO,196,1006,477.1,810,297
25535,PASCA,1945,3905,2981.4,1960,2575
25572,PUERTO SALGAR,150,800,237.8,650,202
25580,PULÍ,423,1826,894.8,1403,871
25592,QUEBRADANEGRA,555,2033,1130.2,1478,920
25594,QUETAME,1347,3194,2207.7,1847,1742
25596,QUIPILE,749,2185,1411.2,1436,1627
25599,APULO,387,1523,744.2,1136,541
25612,RICAURTE,261,391,296.4,130,289
25645,SAN ANTONIO DEL TEQUENDAMA,867,2854,1974.6,1987,1529
25649,SAN BERNARDO,1071,3894,2690.5,2823,2708
25653,SAN CAYETANO,1157,3767,2438.9,2610,2474
25658,SAN FRANCISCO,1106,3094,2018.3,1988,1781
25662,SAN JUAN DE RIOSECO,214,1903,725.5,1689,551
25718,SASAIMA,943,2711,1359.1,1768,1431
25736,SESQUILÉ,2554,3411,2797,857,2921
25740,SIBATÉ,2489,3326,2818,837,2690
25743,SILVANIA,1214,3024,1888.5,1810,1857
25745,SIMIJACA,2543,3173,2826.1,630,2555
25754,SOACHA,2489,3635,2828.6,1146,2618
25758,SOPÓ,2548,3069,2679.7,521,2557
25769,SUBACHOQUE,2579,3716,3028.9,1137,2797
25772,SUESCA,2557,3118,2802.3,561,3013
25777,SUPATÁ,1136,3512,2114.6,2376,1823
25779,SUSA,2537,3484,2950.7,947,2752
25781,SUTATAUSA,2545,3286,2922.7,741,2607
25785,TABIO,2580,3266,2826.6,686,2625
25793,TAUSA,2723,3700,3184.9,977,3414
25797,TENA,706,2497,1410.6,1791,1280
25799,TENJO,2543,3192,2718.5,649,2572
25805,TIBACUY,457,2304,1249.5,1847,1617
25807,TIBIRITA,1480,3234,2240.2,1754,2371
25815,TOCAIMA,288,1457,670.7,1169,347
25817,TOCANCIPÁ,2549,3025,2653,476,2556
25823,TOPAIPÍ,859,1711,1221.8,852,1310
25839,UBALÁ,788,3136,1972.9,2348,2217
25841,UBAQUE,1460,3514,2384.7,2054,2502
25843,VILLA DE SAN DIEGO DE UBATÉ,2543,3307,2771.2,764,2564
25845,UNE,1913,3607,2762,1694,3493
25851,ÚTICA,493,1265,795.1,772,508
25862,VERGARA,984,2135,1336,1151,1126
25867,VIANÍ,994,2172,1712.2,1178,1686
25871,VILLAGÓMEZ,1222,2547,1723.2,1325,1643
25873,VILLAPINZÓN,2460,3337,2893.4,877,2876
25875,VILLETA,697,1975,1288.9,1278,858
25878,VIOTÁ,462,2656,1236.3,2194,922
25885,YACOPÍ,179,1992,831.6,1813,1110
25898,ZIPACÓN,1348,3212,2206.5,1864,2639
25899,ZIPAQUIRÁ,2549,3457,2897.1,908,3201
27001,QUIBDÓ,31,2322,349,2291,69
27006,ACANDÍ,0,1403,467.7,1403,35
27025,ALTO BAUDÓ,13,632,272.2,619,373
27050,ATRATO,33,143,73.9,110,78
27073,BAGADÓ,102,3614,1396.1,3512,623
27075,BAHÍA SOLANO,0,838,244,838,501
27077,BAJO BAUDÓ,0,382,104.4,382,23
27099,BOJAYÁ,6,1098,357.2,1092,82
27135,EL CANTÓN DEL SAN PABLO,26,237,105,211,97
27150,CARMEN DEL DARIÉN,1,806,120.7,805,1
27160,CÉRTEGUI,44,210,111.9,166,140
27205,CONDOTO,31,1772,408.7,1741,172
27245,EL CARMEN DE ATRATO,394,3741,2056.1,3347,1680
27250,EL LITORAL DEL SAN JUAN,0,3517,213.3,3517,70
27361,ISTMINA,13,194,77,181,13
27372,JURADÓ,0,651,217.9,651,113
27413,LLORÓ,44,2579,388.4,2535,247
27425,MEDIO ATRATO,14,2933,374.4,2919,44
27430,MEDIO BAUDÓ,3,233,85.8,230,24
27450,MEDIO SAN JUAN,11,139,54.3,128,28
27491,NÓVITA,15,1953,261.3,1938,131
27495,NUQUÍ,-1,647,162.4,648,0
27580,RÍO IRÓ,65,836,268.7,771,109
27600,RÍO QUITO,33,299,144.2,266,104
27615,RIOSUCIO,10,1274,379,1264,22
27660,SAN JOSÉ DEL PALMAR,227,3799,1949.2,3572,1101
27745,SIPÍ,37,2468,691.6,2431,168
27787,TADÓ,56,1757,379,1701,577
27800,UNGUÍA,4,1411,611.3,1407,78
27810,UNIÓN PANAMERICANA,48,134,78.9,86,114
41001,NEIVA,417,2387,981.7,1970,417
41006,ACEVEDO,1169,2682,1911.2,1513,1264
41013,AGRADO,688,2105,1157,1417,784
41016,AIPE,364,1798,905.2,1434,1174
41020,ALGECIRAS,1001,3389,2146.9,2388,1733
41026,ALTAMIRA,724,1337,890.5,613,937
41078,BARAYA,427,2838,1049.6,2411,1671
41132,CAMPOALEGRE,471,2618,1060.7,2147,545
41206,COLOMBIA,646,3933,1924.5,3287,2474
41244,ELÍAS,831,1641,1078.5,810,1195
41298,GARZÓN,682,3301,1466.4,2619,1481
41306,GIGANTE,620,2920,1286.5,2300,1187
41319,GUADALUPE,838,2819,1495.8,1981,1650
41349,HOBO,563,2199,1123.2,1636,802
41357,ÍQUIRA,686,2737,1660.4,2051,2705
41359,ISNOS,1086,3422,2124,2336,2178
41378,LA ARGENTINA,1345,3427,2210.9,2082,1924
41396,LA PLATA,918,2463,1643.3,1545,1822
41483,NÁTAGA,822,2014,1318.1,1192,1533
41503,OPORAPA,952,2635,1837.7,1683,1956
41518,PAICOL,606,2040,1202.4,1434,1003
41524,PALERMO,428,1945,1024.8,1517,571
41530,PALESTINA,1316,2865,2113.1,1549,1794
41548,PITAL,760,2423,1381.7,1663,1034
41551,PITALITO,1005,2794,1707.6,1789,1320
41615,RIVERA,446,2901,961.8,2455,802
41660,SALADOBLANCO,975,3509,2073.1,2534,1993
41668,SAN AGUSTÍN,1222,4330,2646.4,3108,1872
41676,SANTA MARÍA,802,3281,1574.5,2479,1876
41770,SUAZA,1037,2520,1699.2,1483,1037
41791,TARQUI,743,2466,1204.5,1723,1268
41797,TESALIA,580,2331,1123,1751,872
41799,TELLO,390,2080,892.3,1690,1172
41801,TERUEL,727,3765,2226.9,3038,2655
41807,TIMANÁ,835,2110,1467.2,1275,1249
41872,VILLAVIEJA,343,1433,608.6,1090,438
41885,YAGUARÁ,500,1603,778,1103,597
44001,RIOHACHA,0,3529,504.4,3529,92
44035,ALBANIA,52,387,107.6,335,80
44078,BARRANCAS,91,1540,475.8,1449,257
44090,DIBULLA,0,4889,956.8,4889,1154
44098,DISTRACCIÓN,193,1155,621.6,962,260
44110,EL MOLINO,181,2344,555.3,2163,456
44279,FONSECA,160,2141,624,1981,219
44378,HATONUEVO,9,1079,377.4,1070,321
44420,LA JAGUA DEL PILAR,125,2924,551.4,2799,673
44430,MAICAO,16,387,97.5,371,55
44560,MANAURE,0,50,18.9,50,15
44650,SAN JUAN DEL CESAR,171,3611,965.5,3440,506
44847,URIBIA,-2,130,8.2,132,130
44855,URUMITA,131,2456,619.8,2325,1162
44874,VILLANUEVA,150,2146,542.8,1996,265
47001,SANTA MARTA,-3,4371,527.3,4374,1097
47030,ALGARROBO,84,198,120.5,114,102
47053,ARACATACA,25,4796,1465.5,4771,1485
47058,ARIGUANÍ,47,174,85.1,127,123
47161,CERRO DE SAN ANTONIO,1,61,22.2,60,5
47170,CHIVOLO,40,149,82.8,109,118
47189,CIÉNAGA,0,3418,951.4,3418,1241
47205,CONCORDIA,5,72,25.3,67,55
47245,EL BANCO,12,73,32,61,33
47258,EL PIÑÓN,5,66,31.2,61,43
47268,EL RETÉN,0,41,15.3,41,11
47288,FUNDACIÓN,35,3492,941,3457,1281
47318,GUAMAL,17,89,45.2,72,49
47460,NUEVA GRANADA,58,157,109.7,99,101
47541,PEDRAZA,1,42,11.3,41,38
47545,PIJIÑO DEL CARMEN,12,106,58.9,94,89
47551,PIVIJAY,3,160,38.8,157,42
47555,PLATO,10,145,72.2,135,72
47570,PUEBLOVIEJO,0,25,6.4,25,0
47605,REMOLINO,0,9,4,9,7
47660,SABANAS DE SAN ÁNGEL,83,177,124.2,94,158
47675,SALAMINA,2,10,5.2,8,9
47692,SAN SEBASTIÁN DE BUENAVISTA,13,94,59.2,81,41
47703,SAN ZENÓN,12,69,37,57,21
47707,SANTA ANA,12,102,53.3,90,50
47720,SANTA BÁRBARA DE PINTO,12,60,42.6,48,60
47745,SITIONUEVO,-1,10,3.1,11,5
47798,TENERIFE,10,167,81.9,157,67
47960,ZAPAYÁN,7,68,29.7,61,24
47980,ZONA BANANERA,1,551,101.3,550,18
50001,VILLAVICENCIO,212,2053,686.2,1841,332
50006,ACACÍAS,282,3721,1124.4,3439,498
50110,BARRANCA DE UPÍA,181,251,201.9,70,214
50124,CABUYARO,161,212,189.2,51,183
50150,CASTILLA LA NUEVA,260,505,337.7,245,316
50223,CUBARRAL,465,4036,2617.5,3571,2098
50226,CUMARAL,188,751,332.1,563,291
50245,EL CALVARIO,625,3863,2024.6,3238,1878
50251,EL CASTILLO,320,3468,907,3148,552
50270,EL DORADO,409,1653,649.6,1244,571
50287,FUENTE DE ORO,240,359,278.6,119,262
50313,GRANADA,288,432,357.7,144,320
50318,GUAMAL,457,3997,2040.5,3540,1833
50325,MAPIRIPÁN,150,227,196.5,77,197
50330,MESETAS,269,3744,1016.1,3475,882
50350,LA MACARENA,214,515,275.2,301,255
50370,URIBE,250,3708,1314.1,3458,499
50400,LEJANÍAS,420,3727,1820.9,3307,1640
50450,PUERTO CONCORDIA,164,249,198.6,85,229
50568,PUERTO GAITÁN,117,238,187.4,121,189
50573,PUERTO LÓPEZ,144,229,191.5,85,202
50577,PUERTO LLERAS,190,255,225.4,65,247
50590,PUERTO RICO,193,241,214,48,214
50606,RESTREPO,200,1725,483.4,1525,371
50680,SAN CARLOS DE GUAROA,184,281,226.8,97,242
50683,SAN JUAN DE ARAMA,226,797,389.5,571,359
50686,SAN JUANITO,1013,3835,2596.1,2822,1965
50689,SAN MARTÍN,167,449,229.1,282,235
50711,VISTAHERMOSA,196,668,272,472,281
52001,PASTO,1601,3553,2767,1952,3241
52019,ALBÁN,1349,2496,1800,1147,2254
52022,ALDANA,2834,3306,3052.6,472,3180
52036,ANCUYA,948,3016,1833.7,2068,1556
52051,ARBOLEDA,1155,2755,1753.1,1600,1934
52079,BARBACOAS,27,1106,309,1079,631
52083,BELÉN,1833,3113,2320.6,1280,2535
52110,BUESACO,1030,3592,2163.8,2562,2577
52203,COLÓN,1248,2811,1855.4,1563,2317
52207,CONSACÁ,1077,3998,1870.5,2921,1913
52210,CONTADERO,2013,3402,2629.1,1389,2998
52215,CÓRDOBA,1022,3491,2671.1,2469,2084
52224,CUASPUD CARLOSAMA,2825,3225,2970.3,400,3225
52227,CUMBAL,1124,4055,2664.9,2931,3275
52233,CUMBITARA,175,2972,592.6,2797,1285
52240,CHACHAGÜÍ,806,2956,1506,2150,2028
52250,EL CHARCO,0,3276,524.7,3276,166
52254,EL PEÑOL,444,2170,1002.9,1726,1100
52256,EL ROSARIO,183,2372,749,2189,1096
52258,EL TABLÓN DE GÓMEZ,1399,3749,2407.2,2350,2633
52260,EL TAMBO,621,2475,1327.6,1854,2240
52287,FUNES,1722,3738,2713.3,2016,3429
52317,GUACHUCAL,2994,3433,3108.3,439,3024
52320,GUAITARILLA,1235,3336,2203.4,2101,2349
52323,GUALMATÁN,2530,3435,2993.4,905,2998
52352,ILES,1817,3494,2561.5,1677,3032
52354,IMUÉS,1557,3038,2099.8,1481,2470
52356,IPIALES,336,3337,2268,3001,1951
52378,LA CRUZ,1837,3741,2699.9,1904,2432
52381,LA FLORIDA,960,3341,1926.9,2381,2506
52385,LA LLANADA,100,3148,967.9,3048,1625
52390,LA TOLA,0,35,16.7,35,6
52399,LA UNIÓN,712,2659,1480.7,1947,1510
52405,LEIVA,529,3249,1533.5,2720,1937
52411,LINARES,548,2412,1085.3,1864,1841
52418,LOS ANDES,88,3243,785.7,3155,894
52427,MAGÜÍ,18,406,95.7,388,98
52435,MALLAMA,1017,3811,2185.8,2794,2342
52473,MOSQUERA,0,19,5.6,19,9
52480,NARIÑO,2111,4069,2555.2,1958,2429
52490,OLAYA HERRERA,0,33,15.1,33,14
52506,OSPINA,1994,3495,2586.7,1501,2985
52520,FRANCISCO PIZARRO,-4,151,21.5,155,3
52540,POLICARPA,198,1633,477.3,1435,1272
52560,POTOSÍ,2166,3313,2829.1,1147,2889
52565,PROVIDENCIA,1637,3335,2456.3,1698,2500
52573,PUERRES,1504,3781,2697.3,2277,2055
52585,PUPIALES,2679,3590,2964.2,911,3104
52612,RICAURTE,303,2158,1072.8,1855,1567
52621,ROBERTO PAYÁN,11,155,40.6,144,26
52678,SAMANIEGO,201,3182,1201.7,2981,1833
52683,SANDONÁ,843,3814,1588.2,2971,1767
52685,SAN BERNARDO,1852,4006,2616.2,2154,2554
52687,SAN LORENZO,652,2484,1193.6,1832,2484
52693,SAN PABLO,1373,3235,2144.1,1862,2295
52694,SAN PEDRO DE CARTAGO,1587,2729,2163.7,1142,2489
52696,SANTA BÁRBARA,-5,896,131.6,901,108
52699,SANTACRUZ,360,3872,1621,3512,2045
52720,SAPUYES,2726,3898,3120.2,1172,3058
52786,TAMINANGO,469,1427,735.9,958,1060
52788,TANGUA,1774,3832,3021.5,2058,3362
52835,SAN ANDRÉS DE TUMACO,-2,368,40.4,370,15
52838,TÚQUERRES,1643,3746,2650.8,2103,3186
52885,YACUANQUER,1401,3643,2260,2242,2670
54001,SAN JOSÉ DE CÚCUTA,63,1408,228.6,1345,155
54003,ÁBREGO,462,3167,1725.8,2705,1692
54051,ARBOLEDAS,562,3758,1941.7,3196,1302
54099,BOCHALEMA,596,2810,1293,2214,1384
54109,BUCARASICA,438,2664,1373,2226,1873
54125,CÁCOTA,1724,3574,2585.9,1850,2528
54128,CÁCHIRA,148,3828,1689,3680,1698
54172,CHINÁCOTA,699,2685,1435.9,1986,1830
54174,CHITAGÁ,853,3671,2380.2,2818,2507
54206,CONVENCIÓN,64,1869,720.4,1805,786
54223,CUCUTILLA,823,3811,2089.5,2988,1765
54239,DURANIA,296,1951,881.5,1655,784
54245,EL CARMEN,78,1814,742.7,1736,650
54250,EL TARRA,73,1099,315.3,1026,430
54261,EL ZULIA,71,2022,344.1,1951,659
54313,GRAMALOTE,640,3190,1470.7,2550,1165
54344,HACARÍ,276,2106,1071.5,1830,598
54347,HERRÁN,1503,3055,2215.3,1552,2157
54377,LABATECA,1142,3499,1962.9,2357,2270
54385,LA ESPERANZA,49,2301,613.4,2252,114
54398,LA PLAYA,975,2206,1541.3,1231,1382
54405,LOS PATIOS,342,2443,679,2101,697
54418,LOURDES,625,3208,1332.6,2583,1296
54480,MUTISCUA,2096,3914,3118.7,1818,3047
54498,OCAÑA,863,2469,1431,1606,1371
54518,PAMPLONA,1565,3643,2591.8,2078,2897
54520,PAMPLONITA,1048,2979,2116.8,1931,1424
54553,PUERTO SANTANDER,42,67,55.8,25,54
54599,RAGONVALIA,880,2410,1570.9,1530,2155
54660,SALAZAR,386,3495,1660.5,3109,1850
54670,SAN CALIXTO,235,2283,923.9,2048,1734
54673,SAN CAYETANO,202,1420,481.5,1218,349
54680,SANTIAGO,306,2042,761.7,1736,576
54720,SARDINATA,64,1887,545.4,1823,457
54743,SILOS,2076,3993,3233,1917,3312
54800,TEORAMA,54,1744,766.9,1690,897
54810,TIBÚ,25,970,162.5,945,66
54820,TOLEDO,374,3114,1758,2740,1918
54871,VILLA CARO,968,3182,2186.2,2214,2377
54874,VILLA DEL ROSARIO,308,1777,552,1469,711
63001,ARMENIA,1115,1620,1339.5,505,1280
63111,BUENAVISTA,1098,2070,1297.1,972,1352
63130,CALARCÁ,1057,3407,1601.5,2350,1506
63190,CIRCASIA,1261,2111,1530.3,850,1647
63212,CÓRDOBA,1141,3689,2169.8,2548,2283
63272,FILANDIA,1332,2139,1642.7,807,1771
63302,GÉNOVA,1136,3844,2268,2708,2295
63401,LA TEBAIDA,1010,1218,1116.6,208,1128
63470,MONTENEGRO,971,1378,1184.2,407,1214
63548,PIJAO,1105,3805,2146.3,2700,2609
63594,QUIMBAYA,969,1530,1247.3,561,1237
63690,SALENTO,1537,4660,2775.4,3123,2387
66001,PEREIRA,894,4485,1809.2,3591,1359
66045,APÍA,1047,3189,1784.2,2142,1677
66075,BALBOA,892,1275,1021.7,383,1039
66088,BELÉN DE UMBRÍA,997,2904,1502.6,1907,1502
66170,DOSQUEBRADAS,1299,2051,1604.9,752,1438
66318,GUÁTICA,1148,2485,1862.9,1337,1741
66383,LA CELIA,1035,2711,1489.3,1676,1382
66400,LA VIRGINIA,888,1259,973.7,371,1059
66440,MARSELLA,859,1881,1215.7,1022,1399
66456,MISTRATÓ,1236,3552,2131.2,2316,1545
66572,PUEBLO RICO,306,3461,1441.6,3155,1126
66594,QUINCHÍA,756,2438,1530.6,1682,1760
66682,SANTA ROSA DE CABAL,1280,4483,2207.6,3203,2224
66687,SANTUARIO,897,3562,1520.2,2665,1737
68001,BUCARAMANGA,521,2158,1061,1637,707
68013,AGUADA,1029,2160,1676.8,1131,2080
68020,ALBANIA,875,3362,2112.7,2487,2360
68051,ARATOCA,478,1982,910.4,1504,1507
68077,BARBOSA,1450,2047,1651.1,597,1771
68079,BARICHARA,408,1739,1210.1,1331,1451
68081,BARRANCABERMEJA,67,125,89,58,70
68092,BETULIA,124,2081,651.6,1957,245
68101,BOLÍVAR,121,2422,455.5,2301,185
68121,CABRERA,522,1595,836.6,1073,924
68132,CALIFORNIA,1789,3596,2785.2,1807,2695
68147,CAPITANEJO,1017,2564,1654.7,1547,1300
68152,CARCASÍ,1518,4227,3272.1,2709,2888
68160,CEPITÁ,572,3132,1399.5,2560,1448
68162,CERRITO,1908,4370,3127,2462,3376
68167,CHARALÁ,1234,3287,2148.1,2053,1561
68169,CHARTA,952,3952,2295.6,3000,2306
68176,CHIMA,841,3321,1759.6,2480,1547
68179,CHIPATÁ,1276,2778,1790.6,1502,1794
68190,CIMITARRA,83,215,156.9,132,199
68207,CONCEPCIÓN,1700,4201,3194.5,2501,3449
68209,CONFINES,1199,1913,1676.8,714,1514
68211,CONTRATACIÓN,667,2795,1505.7,2128,2228
68217,COROMORO,1302,4045,2638.6,2743,2368
68229,CURITÍ,668,2143,1531.9,1475,1783
68235,EL CARMEN DE CHUCURI,102,3279,705,3177,543
68245,EL GUACAMAYO,537,2079,1273.3,1542,1980
68250,EL PEÑÓN,192,2824,981.4,2632,445
68255,EL PLAYÓN,182,2867,949.5,2685,937
68264,ENCINO,1380,3958,2630.2,2578,2351
68266,ENCISO,1094,3704,1900.4,2610,1995
68271,FLORIÁN,324,2772,1726.2,2448,1468
68276,FLORIDABLANCA,762,2521,1351.7,1759,1371
68296,GALÁN,423,2942,1555.6,2519,1082
68298,GÁMBITA,1562,3522,2329.4,1960,2263
68307,GIRÓN,130,1339,647.3,1209,1339
68318,GUACA,1286,4022,2554.9,2736,2706
68320,GUADALUPE,901,1739,1202,838,1470
68322,GUAPOTÁ,834,1705,1186.7,871,1340
68324,GUAVATÁ,1667,2093,1833,426,1971
68327,GÜEPSA,1263,1774,1384.2,511,1506
68344,HATO,751,3374,1760.7,2623,1748
68368,JESÚS MARÍA,1658,2558,2076.1,900,2003
68370,JORDÁN,395,1643,1076.9,1248,831
68377,LA BELLEZA,206,2681,1128,2475,733
68385,LANDÁZURI,152,1918,493.3,1766,1918
68397,LA PAZ,340,2164,1135.6,1824,1263
68406,LEBRIJA,122,1122,437.3,1000,589
68418,LOS SANTOS,316,1656,874.5,1340,1656
68425,MACARAVITA,1263,3484,2349.6,2221,2326
68432,MÁLAGA,1506,3557,2319.9,2051,2440
68444,MATANZA,952,2973,1774.6,2021,2201
68464,MOGOTES,769,3066,1740.9,2297,1691
68468,MOLAGAVITA,692,3571,2023.1,2879,2192
68498,OCAMONTE,1210,2161,1442.6,951,1490
68500,OIBA,1134,2139,1636.2,1005,1817
68502,ONZAGA,863,4030,2626.3,3167,2034
68522,PALMAR,582,1126,882.4,544,984
68524,PALMAS DEL SOCORRO,816,1802,1306.6,986,1387
68533,PÁRAMO,1121,1917,1584.7,796,1417
68547,PIEDECUESTA,719,3424,1661.2,2705,1836
68549,PINCHOTE,796,1830,1327.5,1034,1362
68572,PUENTE NACIONAL,1627,3303,2238.8,1676,1926
68573,PUERTO PARRA,76,248,102.6,172,132
68575,PUERTO WILCHES,38,146,61.7,108,53
68615,RIONEGRO,49,2142,571.3,2093,156
68655,SABANA DE TORRES,51,199,112.5,148,119
68669,SAN ANDRÉS,816,4104,2733.3,3288,2026
68673,SAN BENITO,1005,1554,1177,549,1319
68679,SAN GIL,829,1869,1434,1040,1411
68682,SAN JOAQUÍN,818,3545,1714.4,2727,2358
68684,SAN JOSÉ DE MIRANDA,1030,3139,1810.6,2109,1831
68686,SAN MIGUEL,1274,3363,2061,2089,2125
68689,SAN VICENTE DE CHUCURÍ,93,2683,439.4,2590,189
68705,SANTA BÁRBARA,1034,3690,2093.6,2656,1987
68720,SANTA HELENA DEL OPÓN,265,2773,837,2508,750
68745,SIMACOTA,80,3032,583.5,2952,210
68755,SOCORRO,646,1837,1263.7,1191,1477
68770,SUAITA,1026,1987,1522.9,961,1490
68773,SUCRE,159,2763,1256,2604,1270
68780,SURATÁ,1079,3692,2587.2,2613,1895
68820,TONA,1019,3950,2917.3,2931,3383
68855,VALLE DE SAN JOSÉ,1144,2003,1382.4,859,1633
68861,VÉLEZ,172,2591,1114,2419,956
68867,VETAS,2385,4025,3442.5,1640,3192
68872,VILLANUEVA,332,1691,1205.6,1359,1444
68895,ZAPATOCA,235,2515,1068.2,2280,1664
70001,SINCELEJO,24,194,119.5,170,132
70110,BUENAVISTA,36,115,73.6,79,82
70124,CAIMITO,17,63,31.6,46,25
70204,COLOSÓ,43,505,160.5,462,164
70215,COROZAL,80,203,145.1,123,124
70221,COVEÑAS,-2,47,9.2,49,0
70230,CHALÁN,74,585,250.9,511,585
70233,EL ROBLE,33,131,72.5,98,72
70235,GALERAS,20,79,44.2,59,63
70265,GUARANDA,17,35,23.4,18,21
70400,LA UNIÓN,29,93,56.2,64,52
70418,LOS PALMITOS,142,279,185.1,137,201
70429,MAJAGUAL,14,25,20.1,11,16
70473,MORROA,70,206,161,136,128
70508,OVEJAS,96,481,249.9,385,229
70523,PALMITO,2,83,42.7,81,34
70670,SAMPUÉS,77,178,128.7,101,128
70678,SAN BENITO ABAD,11,54,24.6,43,12
70702,SAN JUAN DE BETULIA,105,213,149,108,127
70708,SAN MARCOS,16,87,39.1,71,22
70713,SAN ONOFRE,0,316,49,316,63
70717,SAN PEDRO,79,200,135.5,121,141
70742,SAN LUIS DE SINCÉ,59,189,122,130,103
70771,SUCRE,10,20,14.8,10,17
70820,SANTIAGO DE TOLÚ,0,36,9.1,36,10
70823,SAN JOSÉ DE TOLUVIEJO,13,284,80.7,271,58
73001,IBAGUÉ,473,4116,1633.3,3643,1267
73024,ALPUJARRA,441,1939,991.7,1498,1306
73026,ALVARADO,266,1556,772.8,1290,488
73030,AMBALEMA,207,331,255.7,124,249
73043,ANZOÁTEGUI,872,4702,2314.1,3830,3400
73055,ARMERO,209,1247,392.3,1038,307
73067,ATACO,473,1821,976.7,1348,1410
73124,CAJAMARCA,1416,3806,2855.9,2390,2874
73148,CARMEN DE APICALÁ,271,1099,510.1,828,317
73152,CASABIANCA,1065,4201,1803.1,3136,2223
73168,CHAPARRAL,415,3937,1948.6,3522,1139
73200,COELLO,224,900,538.9,676,628
73217,COYAIMA,302,1106,491.5,804,345
73226,CUNDAY,361,2061,948.7,1700,775
73236,DOLORES,631,2831,1425.4,2200,1720
73268,ESPINAL,259,410,320.8,151,322
73270,FALAN,268,1291,683.1,1023,923
73275,FLANDES,258,326,284.9,68,295
73283,FRESNO,781,2260,1209,1479,1641
73319,GUAMO,268,766,381.4,498,334
73347,HERVEO,1313,4081,2252.9,2768,2506
73349,HONDA,198,758,348.1,560,306
73352,ICONONZO,448,2253,1067.1,1805,1752
73408,LÉRIDA,250,1389,577.7,1139,355
73411,LÍBANO,722,2527,1313.3,1805,994
73443,SAN SEBASTIÁN DE MARIQUITA,289,1307,640.8,1018,690
73449,MELGAR,271,1597,451.1,1326,424
73461,MURILLO,1649,4482,2500,2833,2665
73483,NATAGAIMA,315,1297,755.9,982,358
73504,ORTEGA,312,2729,804.9,2417,454
73520,PALOCABILDO,782,1725,1137.1,943,1369
73547,PIEDRAS,233,907,561.9,674,516
73555,PLANADAS,820,4108,2456.5,3288,2521
73563,PRADO,289,1390,706.1,1101,415
73585,PURIFICACIÓN,273,1538,431,1265,563
73616,RIOBLANCO,592,4148,2736.7,3556,2010
73622,RONCESVALLES,1194,4038,2596.5,2844,2781
73624,ROVIRA,561,3655,1652.9,3094,1692
73671,SALDAÑA,288,344,316.1,56,309
73675,SAN ANTONIO,1018,3005,1820.9,1987,2340
73678,SAN LUIS,309,1500,541.8,1191,459
73686,SANTA ISABEL,855,4425,2564,3570,3111
73770,SUÁREZ,255,1139,546.4,884,320
73854,VALLE DE SAN JUAN,523,1561,958.4,1038,681
73861,VENADILLO,225,2026,655,1801,333
73870,VILLAHERMOSA,936,3598,1785.5,2662,2433
73873,VILLARRICA,587,2974,1678,2387,1841
76001,CALI,948,3663,1458.3,2715,1193
76020,ALCALÁ,940,1581,1233.8,641,1228
76036,ANDALUCÍA,923,1899,1032.6,976,1042
76041,ANSERMANUEVO,901,2484,1294,1583,1050
76054,ARGELIA,1074,2116,1498.9,1042,1481
76100,BOLÍVAR,174,3148,1321.7,2974,1461
76109,BUENAVENTURA,0,3230,319.4,3230,58
76111,GUADALAJARA DE BUGA,933,3821,2033.9,2888,2728
76113,BUGALAGRANDE,916,1481,1075.7,565,1072
76122,CAICEDONIA,1028,2334,1225.2,1306,1367
76126,CALIMA,122,3686,1798.2,3564,1308
76130,CANDELARIA,948,998,976.1,50,969
76147,CARTAGO,898,1394,995.9,496,948
76233,DAGUA,249,2600,1373.6,2351,1582
76243,EL ÁGUILA,1007,3354,1795.7,2347,1697
76246,EL CAIRO,1113,2630,1756.9,1517,1616
76248,EL CERRITO,942,4057,1600,3115,1387
76250,EL DOVIO,741,2227,1487.7,1486,1347
76275,FLORIDA,990,4077,1743,3087,1703
76306,GINEBRA,976,3870,1778.2,2894,1526
76318,GUACARÍ,945,2400,1135.4,1455,1009
76364,JAMUNDÍ,955,3874,1532.5,2919,1275
76377,LA CUMBRE,785,2102,1418.5,1317,1444
76400,LA UNIÓN,907,1803,1369.3,896,960
76403,LA VICTORIA,909,1368,1029.5,459,970
76497,OBANDO,905,1466,1032.3,561,961
76520,PALMIRA,949,4035,1763.3,3086,1129
76563,PRADERA,987,4058,1904.6,3071,1483
76606,RESTREPO,931,1802,1305.1,871,1395
76616,RIOFRÍO,926,3071,1283.3,2145,1208
76622,ROLDANILLO,909,2222,1496.9,1313,1182
76670,SAN PEDRO,928,2485,1243.4,1557,1123
76736,SEVILLA,963,3873,1652.8,2910,2125
76823,TORO,905,2080,1359.9,1175,1199
76828,TRUJILLO,924,3152,1538.8,2228,1784
76834,TULUÁ,923,3753,1878.9,2830,2730
76845,ULLOA,930,1551,1203.8,621,1226
76863,VERSALLES,962,2311,1510,1349,1078
76869,VIJES,945,1748,1378.6,803,1662
76890,YOTOCO,931,1779,1198.1,848,976
76892,YUMBO,945,2146,1347.6,1201,1230
76895,ZARZAL,911,1350,1028,439,950
81001,ARAUCA,94,143,117.5,49,122
81065,ARAUQUITA,125,167,143.1,42,156
81220,CRAVO NORTE,73,114,101.8,41,99
81300,FORTUL,169,4198,1227.8,4029,412
81591,PUERTO RONDÓN,118,156,136.9,38,129
81736,SARAVENA,173,1724,528.3,1551,210
81794,TAME,145,4954,1675.1,4809,439
85001,YOPAL,170,1995,419.5,1825,213
85010,AGUAZUL,188,1799,395.3,1611,264
85015,CHÁMEZA,744,3316,2032.4,2572,1288
85125,HATO COROZAL,88,607,160,519,139
85136,LA SALINA,1186,4426,2769.5,3240,2238
85139,MANÍ,141,213,175.3,72,167
85162,MONTERREY,194,2018,554.5,1824,464
85225,NUNCHÍA,179,1008,301.2,829,231
85230,OROCUÉ,116,179,150.5,63,146
85250,PAZ DE ARIPORO,95,1256,203.7,1161,124
85263,PORE,172,1293,341.4,1121,217
85279,RECETOR,585,3368,1336,2783,1333
85300,SABANALARGA,249,1657,575.5,1408,594
85315,SÁCAMA,618,3004,1566.1,2386,1392
85325,SAN LUIS DE PALENQUE,109,199,159.1,90,154
85400,TÁMARA,393,3110,1303.4,2717,1076
85410,TAURAMENA,151,2404,329.4,2253,195
85430,TRINIDAD,109,187,148.5,78,137
85440,VILLANUEVA,162,263,191,101,190
86001,MOCOA,304,3468,1143.2,3164,1200
86219,COLÓN,2068,3127,2555.8,1059,2550
86320,ORITO,286,3880,989.7,3594,424
86568,PUERTO ASÍS,226,289,244.3,63,250
86569,PUERTO CAICEDO,261,350,287.9,89,322
86571,PUERTO GUZMÁN,200,332,249.9,132,230
86573,PUERTO LEGUÍZAMO,149,233,184.4,84,206
86749,SIBUNDOY,2068,3693,2636.2,1625,2558
86755,SAN FRANCISCO,845,3590,2137.6,2745,2710
86757,SAN MIGUEL,263,326,294,63,289
86760,SANTIAGO,1322,3378,2436.6,2056,2745
86865,VALLE DEL GUAMUEZ,278,491,327.1,213,313
86885,VILLAGARZÓN,291,2213,672.5,1922,570
88001,SAN ANDRÉS,-4,55,4,59,55
88564,PROVIDENCIA,0,200,17.5,200,200
91001,LETICIA,63,140,86,77,140
91263,EL ENCANTO,96,201,125.7,105,150
91405,LA CHORRERA,107,179,132.8,72,179
91407,LA PEDRERA,62,99,78.7,37,90
91430,LA VICTORIA,110,177,130.2,67,177
91460,MIRITÍ - PARANÁ,76,204,130,128,155
91530,PUERTO ALEGRÍA,131,204,154,73,150
91536,PUERTO ARICA,84,148,108.6,64,148
91540,PUERTO NARIÑO,65,122,81.2,57,122
91669,PUERTO SANTANDER,94,170,121.9,76,170
91798,TARAPACÁ,67,141,82.7,74,113
94001,INÍRIDA,76,152,109,76,121
94343,BARRANCOMINAS,93,193,124,100,193
94663,MAPIRIPANA,110,199,160.7,89,183
94883,SAN FELIPE,80,137,102.9,57,120
94884,PUERTO COLOMBIA,87,192,122.2,105,139
94885,LA GUADALUPE,79,137,99.6,58,109
94886,CACAHUAL,77,111,89,34,103
94887,PANA PANA,107,202,155.1,95,171
94888,MORICHAL,118,223,163.2,105,161
95001,SAN JOSÉ DEL GUAVIARE,150,211,173,61,211
95015,CALAMAR,207,305,227.7,98,257
95025,EL RETORNO,142,260,181.3,118,184
95200,MIRAFLORES,168,243,203.6,75,205
97001,MITÚ,151,229,177,78,229
97161,CARURÚ,194,225,210.9,31,225
97511,PACOA,84,236,155.7,152,173
97666,TARAIRA,64,161,109.4,97,132
97777,PAPUNAHUA,141,212,174.9,71,208
97889,YAVARATÉ,99,175,155.9,76,175
99001,PUERTO CARREÑO,39,79,53.6,40,67
99524,LA PRIMAVERA,63,107,91.1,44,103
99624,SANTA ROSALÍA,101,142,121.3,41,142
99773,CUMARIBO,71,162,103.3,91,162
